artist,song,genre,era,url
*NSYNC,Bye Bye Bye,Pop,1990s,https://www.youtube.com/watch?v=Eo-KmOd3i7s
2Pac,Dear Mama,Hip-Hop,1990s,https://www.youtube.com/watch?v=Mb1ZvUDvLDY
2Pac feat. Dr. Dre,California Love,Hip-Hop,1990s,https://www.youtube.com/watch?v=N0VdRLdg2ng
4 Non Blondes,What's Up?,Alternative,1990s,https://www.youtube.com/watch?v=6NXnxTNIWkc
50 Cent,In Da Club,Hip-Hop,2000s,https://www.youtube.com/watch?v=5qm8PH4xAss
a-ha,Take On Me,Pop,1980s,https://www.youtube.com/watch?v=djV11Xbc914
ABBA,Dancing Queen,Pop,1970s,https://www.youtube.com/watch?v=xFrGuyw1V8s
AC/DC,Highway to Hell,Rock,1970s,https://www.youtube.com/watch?v=l482T0yNkeo
Ace of Base,The Sign,Pop,1990s,https://www.youtube.com/watch?v=iqu132vTl5Y
Adele,Rolling in the Deep,Pop,2010s,https://www.youtube.com/watch?v=rYEDA3JcQqw
Adele,Hello,Pop,2010s,https://www.youtube.com/watch?v=YQHsXMglC9A
Aerosmith,Dream On,Rock,1970s,https://www.youtube.com/watch?v=iJDtukGW79Y
Aerosmith,Janie's Got a Gun,Rock,1980s,https://www.youtube.com/watch?v=RqQn2ADZE1A
Alanis Morissette,Ironic,Pop,1990s,https://www.youtube.com/watch?v=Jne9t8sHpUc
Alanis Morissette,You Oughta Know,Pop,1990s,https://www.youtube.com/watch?v=NPcyTyilmYY
Alice In Chains,Man in the Box,Rock,1990s,https://www.youtube.com/watch?v=TAqZb52sgpU
Alice In Chains,Rooster,Rock,1990s,https://www.youtube.com/watch?v=uAE6Il6OTcs
Alice In Chains,Would?,Rock,1990s,https://www.youtube.com/watch?v=Nco_kh8xJDs
Alice In Chains,Them Bones,Rock,1990s,https://www.youtube.com/watch?v=zTuD8k3JvxQ
alt-J,Breezeblocks,Alternative,2010s,https://www.youtube.com/watch?v=rVeMiVU77wo
Arctic Monkeys,I Bet You Look Good on the Dancefloor,Alternative,2000s,https://www.youtube.com/watch?v=pK7egZaT3hs
Audioslave,Like a Stone,Alternative,2000s,https://www.youtube.com/watch?v=7QU1nvuxaMA
Backstreet Boys,I Want It That Way,Pop,1990s,https://www.youtube.com/watch?v=4fndeDfaWCg
Backstreet Boys,Everybody (Backstreet's Back),Pop,1990s,https://www.youtube.com/watch?v=6M6samPEMpM
Beastie Boys,Fight for Your Right,Hip-Hop,1980s,https://www.youtube.com/watch?v=eBShN8qT4lk
Beastie Boys,Sabotage,Hip-Hop,1990s,https://www.youtube.com/watch?v=z5rRZdiu1UE
Beck,Loser,Alternative,1990s,https://www.youtube.com/watch?v=gpvKam3OP9k
Bee Gees,Stayin' Alive,Pop,1970s,https://www.youtube.com/watch?v=I_izvAbhExY
Better Than Ezra,Good,Alternative,1990s,https://www.youtube.com/watch?v=PFaQ_gPOTks
Beyonce,Crazy in Love,Pop,2000s,https://www.youtube.com/watch?v=ViwtNLUqkMY
Beyonce,Single Ladies (Put a Ring on It),Pop,2000s,https://www.youtube.com/watch?v=4m1EFMoRFvY
Blind Melon,No Rain,Alternative,1990s,https://www.youtube.com/watch?v=3qVPNONdF58
Blues Traveler,Run-Around,Alternative,1990s,https://www.youtube.com/watch?v=ousaiByU1ko
Blues Traveler,Hook,Alternative,1990s,https://www.youtube.com/watch?v=pdz5kCaCRFM
Blur,Song 2,Alternative,1990s,https://www.youtube.com/watch?v=SSbBvKaM6sk
Bon Jovi,You Give Love a Bad Name,Rock,1980s,https://www.youtube.com/watch?v=KrZHPOeOxQQ
Bon Jovi,Livin' on a Prayer,Rock,1980s,https://www.youtube.com/watch?v=lMGaiSqOp58
Boston,More Than a Feeling,Rock,1970s,https://www.youtube.com/watch?v=t4QK8RxCAwo
Britney Spears,...Baby One More Time,Pop,1990s,https://www.youtube.com/watch?v=C-u5WLJ9Yk4
Bruno Mars,Uptown Funk,Pop,2010s,https://www.youtube.com/watch?v=OPf0YbXqDm0
Bryan Adams,Summer of '69,Rock,1980s,https://www.youtube.com/watch?v=9f06QZCVUHg
Bush,Glycerine,Rock,1990s,https://www.youtube.com/watch?v=hOllF3TgAsM
Cage the Elephant,Cigarette Daydreams,Alternative,2010s,https://www.youtube.com/watch?v=opeETnB8m8w
CAKE,The Distance,Alternative,1990s,https://www.youtube.com/watch?v=F_HoMkkRHv8
Candlebox,Far Behind,Rock,1990s,https://www.youtube.com/watch?v=eu3EuWg2qNI
Childish Gambino,This Is America,Hip-Hop,2010s,https://www.youtube.com/watch?v=VYOjWnS4cMY&t=1s
Christina Aguilera,Beautiful,Pop,2000s,https://www.youtube.com/watch?v=eAfyFTzZDMM
Coolio,Gangsta's Paradise,Hip-Hop,1990s,https://www.youtube.com/watch?v=fPO76Jlnz6c
Counting Crows,Round Here,Alternative,1990s,https://www.youtube.com/watch?v=SAe3sCIakXo
Counting Crows,Hanginaround,Alternative,1990s,https://www.youtube.com/watch?v=ARiiO_41Id8
Crash Test Dummies,Mmm Mmm Mmm Mmm,Alternative,1990s,https://www.youtube.com/watch?v=eTeg1txDv8w
Culture Club,Karma Chameleon,Pop,1980s,https://www.youtube.com/watch?v=JmcA9LIIXWw
Cyndi Lauper,Girls Just Want to Have Fun,Pop,1980s,https://www.youtube.com/watch?v=PIb6AZdTr-A
Cyndi Lauper,Time After Time,Pop,1980s,https://www.youtube.com/watch?v=VdQY7BusJNU
Cyndi Lauper,True Colors,Pop,1980s,https://www.youtube.com/watch?v=LPn0KFlbqX8
David Bowie,Let's Dance,Pop,1980s,https://www.youtube.com/watch?v=VbD_kBJc_gI
David Bowie,Heroes,Pop,1970s,https://www.youtube.com/watch?v=lXgkuM2NhYI
David Bowie,Space Oddity,Pop,1970s,https://www.youtube.com/watch?v=iYYRH4apXDo
David Bowie/Mick Jagger,Dancing in the Street,Pop,1980s,https://www.youtube.com/watch?v=opRRax4ph3E
David Bowie/Queen,Under Pressure,Rock,1980s,https://www.youtube.com/watch?v=a01QQZyl-_I
David Lee Roth,Just a Gigolo/I Ain't Got Nobody,Rock,1980s,https://www.youtube.com/watch?v=rkdhhEjX-I0
David Lee Roth,California Girls,Rock,1980s,https://www.youtube.com/watch?v=53LZ0-m-8Vg
David Lee Roth,Yankee Rose,Rock,1980s,https://www.youtube.com/watch?v=65o3MFsb0BY
Death Cab for Cutie,Soul Meets Body,Alternative,2000s,https://www.youtube.com/watch?v=uizQVriWp8M
Def Leppard,Pour Some Sugar on Me,Rock,1980s,https://www.youtube.com/watch?v=0UIB9Y4OFPs
Depeche Mode,Just Can't Get Enough,Alternative,1980s,https://www.youtube.com/watch?v=_6FBfAQ-NDE
Devo,Whip It,Alternative,1980s,https://www.youtube.com/watch?v=IIEVqFB4WUo
Dinosaur Jr,Feel the Pain,Alternative,1990s,https://www.youtube.com/watch?v=JXkN3nJyWEA
Dire Straits,Money for Nothing,Rock,1980s,https://www.youtube.com/watch?v=wTP2RUD_cL0
Doja Cat,Say So,Pop,2020s,https://www.youtube.com/watch?v=pok8H_KF1FA
Doja Cat,Woman,Hip-Hop,2020s,https://www.youtube.com/watch?v=yxW5yuzVi8w
Dr. Dre,Still D.R.E.,Hip-Hop,1990s,https://www.youtube.com/watch?v=_CL6n0FJZpk
Dr. Dre feat. Snoop Dogg,Nuthin' But a G Thang,Hip-Hop,1990s,https://www.youtube.com/watch?v=8GliyDgAGQI
Drake,God's Plan,Hip-Hop,2010s,https://www.youtube.com/watch?v=xpVfcZ0ZcFM
Drake,Hotline Bling,Hip-Hop,2010s,https://www.youtube.com/watch?v=uxpDa-c-4Mc
Dua Lipa,New Rules,Pop,2010s,https://www.youtube.com/watch?v=k2qgadSvNyU
Dua Lipa,Levitating,Pop,2020s,https://www.youtube.com/watch?v=TUVcZfQe-Kw
Duran Duran,Hungry Like the Wolf,Pop,1980s,https://www.youtube.com/watch?v=oJL-lCzEXgI
Eagles,Hotel California,Rock,1970s,https://www.youtube.com/watch?v=09839DpTctU
Ed Sheeran,Shape of You,Pop,2010s,https://www.youtube.com/watch?v=JGwWNGJdvx8
Elton John,Rocket Man,Pop,1970s,https://www.youtube.com/watch?v=DtVBCG6ThDk
Eminem,Lose Yourself,Hip-Hop,2000s,https://www.youtube.com/watch?v=7YuAzR2XVAM
Eminem,Without Me,Hip-Hop,2000s,https://www.youtube.com/watch?v=YVkUvmDQ3HY
Evanescence,Bring Me to Life,Rock,2000s,https://www.youtube.com/watch?v=3YxaaGgTQYM
Eve 6,Inside Out,Alternative,1990s,https://www.youtube.com/watch?v=T8Xb_7YDroQ
Everclear,Father of Mine,Alternative,1990s,https://www.youtube.com/watch?v=kkcbxjWG9Mc
Everclear,Santa Monica,Alternative,1990s,https://www.youtube.com/watch?v=MW6E_TNgCsY
Extreme,More Than Words,Rock,1990s,https://www.youtube.com/watch?v=UrIiLvg58SY
Fatboy Slim,Weapon of Choice,Alternative,1990s,https://www.youtube.com/watch?v=wCDIYvFmgW8
Fatboy Slim,Praise You,Alternative,1990s,https://www.youtube.com/watch?v=ruAi4VBoBSM
Fiona Apple,Criminal,Alternative,1990s,https://www.youtube.com/watch?v=FFOzayDpWoI
Fleetwood Mac,Go Your Own Way,Rock,1970s,https://www.youtube.com/watch?v=ozl3L9fhKtE
Fleetwood Mac,Dreams,Pop,1970s,https://www.youtube.com/watch?v=Y3ywicffOj4
Fleetwood Mac,Landslide,Rock,1970s,https://www.youtube.com/watch?v=WM7-PYtXtJM
Fontaines D.C.,Starburster,Alternative,2020s,https://www.youtube.com/watch?v=KHocVRUlvkk
Foo Fighters,Everlong,Rock,1990s,https://www.youtube.com/watch?v=eBG7P-K-r1Y
Foo Fighters,Shame Shame,Rock,2020s,https://www.youtube.com/watch?v=R1G6-RUz3OA
Foo Fighters,The Sky Is a Neighborhood,Rock,2010s,https://www.youtube.com/watch?v=TRqiFPpw2fY
Foo Fighters,Best of You,Rock,2000s,https://www.youtube.com/watch?v=h_L4Rixya64
Foo Fighters,My Hero,Rock,1990s,https://www.youtube.com/watch?v=EqWRaAF6_WY
Foo Fighters,Learn to Fly,Rock,1990s,https://www.youtube.com/watch?v=1VQ_3sBZEm0
Foo Fighters,Monkey Wrench,Rock,1990s,https://www.youtube.com/watch?v=I7rCNiiNPxA
Franz Ferdinand,Take Me Out,Alternative,2000s,https://www.youtube.com/watch?v=GhCXAiNz9Jo
Garbage,Only Happy When It Rains,Alternative,1990s,https://www.youtube.com/watch?v=GpBFOJ3R0M4
George Michael,Faith,Pop,1980s,https://www.youtube.com/watch?v=6Cs3Pvmmv0E
George Michael,Careless Whisper,Pop,1980s,https://www.youtube.com/watch?v=izGwDsrQ1eQ
George Michael,Freedom! '90,Pop,1990s,https://www.youtube.com/watch?v=kDXtCEMPsEc
Glass Animals,Heat Waves,Alternative,2020s,https://www.youtube.com/watch?v=mRD0-GxqHVo
GloRilla,F.N.F. (Let's Go),Hip-Hop,2020s,https://www.youtube.com/watch?v=ww6ykF2ktaI
Glorilla,WHATCHU KNO ABOUT ME,Hip-Hop,2020s,https://www.youtube.com/watch?v=Py9S2bD0RZQ
Gotye,Somebody That I Used To Know,Alternative,2010s,https://www.youtube.com/watch?v=8UVNT4wvIGY
Green Day,Boulevard of Broken Dreams,Rock,2000s,https://www.youtube.com/watch?v=Soa3gO7tL-c
Green Day,Basket Case,Alternative,1990s,https://www.youtube.com/watch?v=QkKGBWfaNM4
Greta Van Fleet,Highway Tune,Rock,2010s,https://www.youtube.com/watch?v=aJg4OJxp-co
Greta Van Fleet,Heat Above,Rock,2020s,https://www.youtube.com/watch?v=vrWFu5k1Jpg
Guns N' Roses,Sweet Child O' Mine,Rock,1980s,https://www.youtube.com/watch?v=1w7OgIMMRc4
Guns N' Roses,November Rain,Rock,1990s,https://www.youtube.com/watch?v=8SbUC-UaAxE
Guns N' Roses,Paradise City,Rock,1980s,https://www.youtube.com/watch?v=Rbm6GXllBiw
Hall & Oates,Maneater,Pop,1980s,https://www.youtube.com/watch?v=yRYFKcMa_Ek
Harry Styles,As It Was,Pop,2020s,https://www.youtube.com/watch?v=H5v3kku4y6Q
Harry Styles,Watermelon Sugar,Pop,2020s,https://www.youtube.com/watch?v=E07s5ZYygMg
Harvey Danger,Flagpole Sitta,Alternative,1990s,https://www.youtube.com/watch?v=wYsMjEeEg4g
Hole,Celebrity Skin,Alternative,1990s,https://www.youtube.com/watch?v=O3dWBLoU--E
Hole,Violet,Alternative,1990s,https://www.youtube.com/watch?v=cH_rfGBwamc
House of Pain,Jump Around,Hip-Hop,1990s,https://www.youtube.com/watch?v=XhzpxjuwZy0
Imagine Dragons,Radioactive,Rock,2010s,https://www.youtube.com/watch?v=ktvTqknDobU
Jack Harlow,First Class,Hip-Hop,2020s,https://www.youtube.com/watch?v=yQBImEeXNZ4
Jamiroquai,Virtual Insanity,Alternative,1990s,https://www.youtube.com/watch?v=4JkIs37a2JE
Jane's Addiction,Jane Says,Alternative,1980s,https://www.youtube.com/watch?v=i7Q_8q3XXrQ
Janet Jackson,Rhythm Nation,Pop,1980s,https://www.youtube.com/watch?v=OAwaNWGLM0c
Jason Isbell,Travelling Alone,Rock,2010s,https://www.youtube.com/watch?v=EUqHEzgFRoA
Jason Isbell,Alabama Pines,Rock,2010s,https://www.youtube.com/watch?v=L9d5yNcFGlY
Jason Isbell and the 400 Unit,White Beretta,Rock,2020s,https://www.youtube.com/watch?v=4mauQ0lygg8
Jason Isbell and the 400 Unit,King of Oklahoma,Rock,2020s,https://www.youtube.com/watch?v=j4lEqjTkFr4
Jason Isbell and the 400 Unit,Only Children,Rock,2020s,https://www.youtube.com/watch?v=_bKi2aQxU14
JAY-Z,99 Problems,Hip-Hop,2000s,https://www.youtube.com/watch?v=6dVdd3RsbSE
Jay-Z,Big Pimpin',Hip-Hop,2000s,https://www.youtube.com/watch?v=Cgoqrgc_0cM
JAY-Z feat. Alicia Keys,Empire State of Mind,Hip-Hop,2000s,https://www.youtube.com/watch?v=vk6014HuxcE
John Mellencamp,Pink Houses,Rock,1980s,https://www.youtube.com/watch?v=qOfkpu6749w
Johnny Cash,Hurt,Alternative,2000s,https://www.youtube.com/watch?v=8AHCfZTRGiI
Journey,Don't Stop Believin',Rock,1980s,https://www.youtube.com/watch?v=x3idGV-7kSQ
Justin Timberlake,Cry Me a River,Pop,2000s,https://www.youtube.com/watch?v=DksSPZTZES0
Kanye West,Stronger,Hip-Hop,2000s,https://www.youtube.com/watch?v=PsO6ZnUZI0g
Katy Perry,Hot n Cold,Pop,2000s,https://www.youtube.com/watch?v=kTHNpusq654
KC and the Sunshine Band,That's the Way (I Like It),Pop,1970s,https://www.youtube.com/watch?v=cXEnmmBD7OY
Kelly Clarkson,Since U Been Gone,Pop,2000s,https://www.youtube.com/watch?v=eRlsE9bD7HM
Kendrick Lamar,HUMBLE.,Hip-Hop,2010s,https://www.youtube.com/watch?v=tvTRZJ-4EyI
Kings of Leon,Sex on Fire,Alternative,2000s,https://www.youtube.com/watch?v=RF0HhrwIwp0
Lady Gaga,Bad Romance,Pop,2000s,https://www.youtube.com/watch?v=qrO4YZeyl0I
Led Zeppelin,Stairway to Heaven,Rock,1970s,https://www.youtube.com/watch?v=Ly6ZhQVnVow
Lil Wayne,Lollipop,Hip-Hop,2000s,https://www.youtube.com/watch?v=2IH8tNQAzSs
Linkin Park,In the End,Rock,2000s,https://www.youtube.com/watch?v=eVTXPUF4Oz4
Lionel Richie,Hello,Pop,1980s,https://www.youtube.com/watch?v=mHONNcZbwDY
Lisa Loeb,Stay (I Missed You),Pop,1990s,https://www.youtube.com/watch?v=EoZ2J4ajiOA
Live,Lightning Crashes,Rock,1990s,https://www.youtube.com/watch?v=xsJ4O-nSveg
Live,I Alone,Rock,1990s,https://www.youtube.com/watch?v=FNrQOUtXYOo
Living Color,Cult of Personality,Rock,1980s,https://www.youtube.com/watch?v=7xxgRUyzgs0
LL Cool J,I Need Love,Hip-Hop,1980s,https://www.youtube.com/watch?v=NEUX-HYRtUA
Ludacris,Stand Up,Hip-Hop,2000s,https://www.youtube.com/watch?v=pZG7IK99OvI
Lynyrd Skynyrd,Sweet Home Alabama,Rock,1970s,https://www.youtube.com/watch?v=FQL-tJfge60
Madonna,Like a Prayer,Pop,1980s,https://www.youtube.com/watch?v=79fzeNUqQbQ
Madonna,Like a Virgin,Pop,1980s,https://www.youtube.com/watch?v=s__rX_WL100
Madonna,Vogue,Pop,1990s,https://www.youtube.com/watch?v=GuJQSAiODqI
Madonna,Material Girl,Pop,1980s,https://www.youtube.com/watch?v=6p-lDYPR2P8
Maneskin,Beggin',Rock,2020s,https://www.youtube.com/watch?v=Xg72z08aTXY
Marcy Playground,Sex and Candy,Alternative,1990s,https://www.youtube.com/watch?v=-KT-r2vHeMM
Mariah Carey,Fantasy,Pop,1990s,https://www.youtube.com/watch?v=qq09UkPRdFY
Matchbox Twenty,Push,Rock,1990s,https://www.youtube.com/watch?v=HAkHqYlqops
Matchbox Twenty,3AM,Rock,1990s,https://www.youtube.com/watch?v=C-Naa1HXeDQ
Men Without Hats,The Safety Dance,Pop,1980s,https://www.youtube.com/watch?v=nM4okRvCg2g
Metallica,One,Rock,1980s,https://www.youtube.com/watch?v=WM8bTdBs-cw
MGMT,Kids,Alternative,2000s,https://www.youtube.com/watch?v=fe4EK4HSPkI
Michael Jackson,Thriller,Pop,1980s,https://www.youtube.com/watch?v=sOnqjkJTMaA
Michael Jackson,Billie Jean,Pop,1980s,https://www.youtube.com/watch?v=Zi_XLOBDo_Y
Michael Jackson,Black or White,Pop,1990s,https://www.youtube.com/watch?v=pTFE8cirkdQ
Michael Jackson,Beat It,Pop,1980s,https://www.youtube.com/watch?v=oRdxUFDoQe0
Michael McDonald,Sweet Freedom,Pop,1980s,https://www.youtube.com/watch?v=yUlpqCsP6zY
Michael McDonald,I Keep Forgetting,Pop,1970s,https://www.youtube.com/watch?v=9gbQVj4MR3M
Migos,Bad and Boujee,Hip-Hop,2010s,https://www.youtube.com/watch?v=S-sJp1FfG7Q
Missy Elliott,The Rain (Supa Dupa Fly),Hip-Hop,1990s,https://www.youtube.com/watch?v=hHcyJPTTn9w
Modest Mouse,Float On,Alternative,2000s,https://www.youtube.com/watch?v=CTAud5O7Qqk
My Chemical Romance,Welcome to the Black Parade,Rock,2000s,https://www.youtube.com/watch?v=RRKJiM9Njr8
N.W.A,Straight Outta Compton,Hip-Hop,1980s,https://www.youtube.com/watch?v=TMZi25Pq3T8
Nas,N.Y. State of Mind,Hip-Hop,1990s,https://www.youtube.com/watch?v=hI8A14Qcv68
Natalie Imbruglia,Torn,Pop,1990s,https://www.youtube.com/watch?v=VV1XWJN3nJo
Neil Young,Heart of Gold,Rock,1970s,https://www.youtube.com/watch?v=WZn9QZykx10
New Order,Blue Monday,Alternative,1980s,https://www.youtube.com/watch?v=9GMjH1nR0ds
Nickelback,How You Remind Me,Rock,2000s,https://www.youtube.com/watch?v=Aiay8I5IPB8
Nickelback,Photograph,Rock,2000s,https://www.youtube.com/watch?v=T3rXdeOvhNE
Nine Inch Nails,Closer,Alternative,1990s,https://www.youtube.com/watch?v=PTFwQP86BRs
Nirvana,Smells Like Teen Spirit,Rock,1990s,https://www.youtube.com/watch?v=hTWKbfoikeg
Nirvana,Come As You Are,Rock,1990s,https://www.youtube.com/watch?v=vabnZ9-ex7o
Nirvana,Heart Shaped Box,Rock,1990s,https://www.youtube.com/watch?v=n6P0SitRwy8
Nirvana,The Man Who Sold the World,Rock,1990s,https://www.youtube.com/watch?v=fregObNcHC8
No Doubt,Don't Speak,Alternative,1990s,https://www.youtube.com/watch?v=TR3Vdo5etCQ
Oasis,Wonderwall,Rock,1990s,https://www.youtube.com/watch?v=bx1Bh8ZvH84
Oasis,Champagne Supernova,Alternative,1990s,https://www.youtube.com/watch?v=tI-5uv4wryI
Ok Go,Here It Goes Again,Alternative,2000s,https://www.youtube.com/watch?v=dTAAsCNK7RA
Olivia Rodrigo,drivers license,Pop,2020s,https://www.youtube.com/watch?v=ZmDBbnmKpqQ
OutKast,Hey Ya!,Hip-Hop,2000s,https://www.youtube.com/watch?v=PWgvGjAhvIw
OutKast,Ms. Jackson,Hip-Hop,2000s,https://www.youtube.com/watch?v=EUVo8epKwv0
Pearl Jam,Alive,Rock,1990s,https://www.youtube.com/watch?v=qM0zINtulhM
Pearl Jam,Jeremy,Rock,1990s,https://www.youtube.com/watch?v=MS91knuzoOA
Pearl Jam,Even Flow,Rock,1990s,https://www.youtube.com/watch?v=CxKWTzr-k6s
Peter Gabriel,Sledgehammer,Pop,1980s,https://www.youtube.com/watch?v=OJWJE0x7T4Q
Pixies,Where Is My Mind?,Alternative,1980s,https://www.youtube.com/watch?v=OJ62RzJkYUo
Post Malone,Congratulations,Hip-Hop,2010s,https://www.youtube.com/watch?v=SC4xMk98Pdc
Primitive Radio Gods,Standing Outside a Broken Phone Booth with Money in My Hand,Alternative,1990s,https://www.youtube.com/watch?v=4lmZL7vT5hk
Prince,When Doves Cry,Pop,1980s,https://www.youtube.com/watch?v=UG3VcCAlUgE
Prince,1999,Pop,1980s,https://www.youtube.com/watch?v=rblt2EtFfC4
Public Enemy,Fight the Power,Hip-Hop,1980s,https://www.youtube.com/watch?v=mmo3HFa2vjg
Queen,Bohemian Rhapsody,Rock,1970s,https://www.youtube.com/watch?v=fJ9rUzIMcZQ
R.E.M.,The One I Love,Alternative,1980s,https://www.youtube.com/watch?v=j7oQEPfe-O8
R.E.M.,Losing My Religion,Alternative,1990s,https://www.youtube.com/watch?v=xwtdhWltSIg
R.E.M.,Everybody Hurts,Alternative,1990s,https://www.youtube.com/watch?v=5rOiW_xY-kc
Radiohead,Creep,Alternative,1990s,https://www.youtube.com/watch?v=XFkzRNyygfk
Rage Against the Machine,Killing in the Name,Alternative,1990s,https://www.youtube.com/watch?v=bWXazVhlyxQ
Rage Against the Machine,Bulls on Parade,Alternative,1990s,https://www.youtube.com/watch?v=3L4YrGaR8E4
Ram Jam,Black Betty,Rock,1980s,https://www.youtube.com/watch?v=I_2D8Eo15wE
Red Hot Chili Peppers,Under the Bridge,Rock,1990s,https://www.youtube.com/watch?v=GLvohMXgcBo
Red Hot Chili Peppers,Give It Away,Rock,1990s,https://www.youtube.com/watch?v=Mr_uHJPUlO8
Red Hot Chili Peppers,Otherside,Rock,1990s,https://www.youtube.com/watch?v=rn_YodiJO6k
Red Hot Chili Peppers,Californication,Rock,1990s,https://www.youtube.com/watch?v=YlUKcNNmywk
Rick Astley,Never Gonna Give You Up,Pop,1980s,https://www.youtube.com/watch?v=dQw4w9WgXcQ
Rihanna,Umbrella,Pop,2000s,https://www.youtube.com/watch?v=CvBfHwUxHIk
Royal Blood,Figure It Out,Rock,2010s,https://www.youtube.com/watch?v=jhgVu2lsi_k
Run-D.M.C.,Walk This Way,Hip-Hop,1980s,https://www.youtube.com/watch?v=4B_UYYPb-Gk
Salt-N-Pepa,Push It,Hip-Hop,1980s,https://www.youtube.com/watch?v=vCadcBR95oU
Savage Garden,Truly Madly Deeply,Pop,1990s,https://www.youtube.com/watch?v=WQnAxOQxQIU
Semisonic,Closing Time,Alternative,1990s,https://www.youtube.com/watch?v=xGytDsqkQY8
Simply Red,If You Don't Know Me by Now,Pop,1980s,https://www.youtube.com/watch?v=yG07WSu7Q9w
Smashing Pumpkins,1979,Rock,1990s,https://www.youtube.com/watch?v=4aeETEoNfOg
Smashing Pumpkins,Today,Rock,1990s,https://www.youtube.com/watch?v=xmUZ6nCFNoU
Smashing Pumpkins,Tonight Tonight,Rock,1990s,https://www.youtube.com/watch?v=NOG3eus4ZSo
Snoop Dogg,Gin and Juice,Hip-Hop,1990s,https://www.youtube.com/watch?v=fWCZse1iwE0
Soundgarden,Black Hole Sun,Rock,1990s,https://www.youtube.com/watch?v=3mbBbFH9fAg
Stone Temple Pilots,Interstate Love Song,Rock,1990s,https://www.youtube.com/watch?v=yjJL9DGU7Gg
Stone Temple Pilots,Plush,Rock,1990s,https://www.youtube.com/watch?v=V5UOC0C0x8Q
Stone Temple Pilots,Vasoline,Rock,1990s,https://www.youtube.com/watch?v=ht672-wYelc
Sublime,Santeria,Alternative,1990s,https://www.youtube.com/watch?v=AEYN5w4T_aM
Survivor,Eye of the Tiger,Rock,1980s,https://www.youtube.com/watch?v=btPJPFnesV4
SZA,Kill Bill,Pop,2020s,https://www.youtube.com/watch?v=MSRcC626prw
T.I.,Whatever You Like,Hip-Hop,2000s,https://www.youtube.com/watch?v=nQJACVmankY
Talking Heads,Once in a Lifetime,Alternative,1980s,https://www.youtube.com/watch?v=5IsSpAOD6K8
Talking Heads,Psycho Killer,Alternative,1970s,https://www.youtube.com/watch?v=CJ54eImz88w
Taylor Swift,Shake It Off,Pop,2010s,https://www.youtube.com/watch?v=nfWlot6h_JM
Tears for Fears,Everybody Wants to Rule the World,Pop,1980s,https://www.youtube.com/watch?v=aGCdLKXNF3w
Temple of the Dog,Hunger Strike,Alternative,1990s,https://www.youtube.com/watch?v=VUb450Alpps
Tesla,Signs,Rock,1980s,https://www.youtube.com/watch?v=MqcXPAiXly8
The 1975,Chocolate,Alternative,2010s,https://www.youtube.com/watch?v=CHk5SWVO4p8
The B-52's,Love Shack,Pop,1980s,https://www.youtube.com/watch?v=9SOryJvTAGs
The Backseat Lovers,Kilby Girl,Alternative,2020s,https://www.youtube.com/watch?v=6ZZghJG0d0E
THE BAND FEEL,Goodbye Virginia,Rock,2020s,https://www.youtube.com/watch?v=yizQEjHW628
The Boomtown Rats,I Don't Like Mondays,Pop,1970s,https://www.youtube.com/watch?v=lHHAbze03Z4
The Buggles,Video Killed the Radio Star,Pop,1980s,https://www.youtube.com/watch?v=W8r-tXRLazs
The Cars,Drive,Rock,1980s,https://www.youtube.com/watch?v=xuZA6qiJVfU
The Clash,London Calling,Alternative,1970s,https://www.youtube.com/watch?v=EfK-WX2pa8c
The Cranberries,Zombie,Alternative,1990s,https://www.youtube.com/watch?v=6Ejga4kJUts
The Cure,Just Like Heaven,Alternative,1980s,https://www.youtube.com/watch?v=n3nPiBai66M
The Killers,Mr. Brightside,Alternative,2000s,https://www.youtube.com/watch?v=gGdGFtwCNBE
The New Radicals,You Get What You Give,Alternative,1990s,https://www.youtube.com/watch?v=DL7-CKirWZE
The Notorious B.I.G.,Juicy,Hip-Hop,1990s,https://www.youtube.com/watch?v=_JZom_gVfuw
The Notorious B.I.G.,Hypnotize,Hip-Hop,1990s,https://www.youtube.com/watch?v=glEiPXAYE-U
The Police,Every Breath You Take,Rock,1980s,https://www.youtube.com/watch?v=OMOGaugKpzs
The Police,Message in a Bottle,Rock,1980s,https://www.youtube.com/watch?v=MbXWrmQW-OE
The Police,Don't Stand So Close to Me,Rock,1980s,https://www.youtube.com/watch?v=KNIZofPB8ZM
The Smiths,How Soon Is Now?,Alternative,1980s,https://www.youtube.com/watch?v=hnpILIIo9ek
The Sugarhill Gang,Rapper's Delight,Hip-Hop,1970s,https://www.youtube.com/watch?v=mcCK99wHrk0
The Teddybears w Iggy Pop,Punkrocker,Alternative,2000s,https://www.youtube.com/watch?v=8P09rxVaQAM
The Toadies,Possum Kingdom,Alternative,1990s,https://www.youtube.com/watch?v=EkwD5rQ-_d4
The Verve,Bitter Sweet Symphony,Alternative,1990s,https://www.youtube.com/watch?v=1lyu1KKwC74
The Weeknd,Blinding Lights,Pop,2010s,https://www.youtube.com/watch?v=4NRXx6U8ABQ
The White Stripes,Seven Nation Army,Rock,2000s,https://www.youtube.com/watch?v=0J2QdDbelmY
Third Eye Blind,Semi-Charmed Life,Alternative,1990s,https://www.youtube.com/watch?v=beINamVRGy4
Third Eye Blind,Jumper,Alternative,1990s,https://www.youtube.com/watch?v=gRYZijLZR-Q
Three Days Grace,Animal I Have Become,Rock,2000s,https://www.youtube.com/watch?v=xqds0B_meys
TLC,Waterfalls,Pop,1990s,https://www.youtube.com/watch?v=8WEtxJ4-sh4
TLC,No Scrubs,Pop,1990s,https://www.youtube.com/watch?v=FrLequ6dUdM
Toad the Wet Sprocket,All I Want,Alternative,1990s,https://www.youtube.com/watch?v=AVYYpNaSs2Y
Tom Petty and the Heartbreakers,Free Fallin',Rock,1980s,https://www.youtube.com/watch?v=1lWJXDG2i0A
Tom Petty and the Heartbreakers,Don't Come Around Here No More,Rock,1980s,https://www.youtube.com/watch?v=h0JvF9vpqx8
Tool,Schism,Alternative,1990s,https://www.youtube.com/watch?v=MM62wjLrgmA
Tool,Sober,Alternative,1990s,https://www.youtube.com/watch?v=nspxAG12Cpc
Tool,Stinkfist,Alternative,1990s,https://www.youtube.com/watch?v=6zpvlMp04D0
Tool,Aenema,Alternative,1990s,https://www.youtube.com/watch?v=CehYA3omb5o
Tool,Prison Sex,Alternative,1990s,https://www.youtube.com/watch?v=cUPV4OfNlt0
Tool,Parabola,Alternative,2000s,https://www.youtube.com/watch?v=-_nQhGR0K8M
Travis Scott,SICKO MODE,Hip-Hop,2010s,https://www.youtube.com/watch?v=6ONRf7h3Mdk
twenty one pilots,Stressed Out,Rock,2010s,https://www.youtube.com/watch?v=pXRviuL6vMY
Twisted Sister,We're Not Gonna Take It,Rock,1980s,https://www.youtube.com/watch?v=4xmckWVPRaI
Tyler Childers,All Your'n,Rock,2020s,https://www.youtube.com/watch?v=DrHd3nkCIz4
Tyler Childers,In Your Love,Rock,2020s,https://www.youtube.com/watch?v=II-L8Hq0_i4
Tyler Childers,Country Squire,Rock,2020s,https://www.youtube.com/watch?v=FxuLRkHn7rQ
Tyler Childers,Onieda,Rock,2020s,https://www.youtube.com/watch?v=gR_ihUk6VFk
Type O Negative,Love You To Death,Rock,1990s,https://www.youtube.com/watch?v=xD5No_JRrZw
U2,One,Rock,1990s,https://www.youtube.com/watch?v=JFWPeVfWB9o
Usher,Yeah!,Pop,2000s,https://www.youtube.com/watch?v=GxBSyx85Kp8
Vampire Weekend,A-Punk,Alternative,2000s,https://www.youtube.com/watch?v=_XC2mqcMMGQ
Van Halen,Jump,Rock,1980s,https://www.youtube.com/watch?v=SwYN7mTi6HM
Van Halen,Hot for Teacher,Rock,1980s,https://www.youtube.com/watch?v=6M4_Ommfvv0
Velvet Revolver,Fall to Pieces,Alternative,2000s,https://www.youtube.com/watch?v=9JhsUFuqbCM
Velvet Revolver,Slither,Alternative,2000s,https://www.youtube.com/watch?v=BKz2U4fvA4U
Warren G,Regulate,Hip-Hop,1990s,https://www.youtube.com/watch?v=1plPyJdXKIY
Weezer,Buddy Holly,Alternative,1990s,https://www.youtube.com/watch?v=kemivUKb4f4
Weird Al Yankovic,Amish Paradise,Hip-Hop,1990s,https://www.youtube.com/watch?v=lOfZLb33uCg
Weird Al Yankovic,White and Nerdy,Hip-Hop,2000s,https://www.youtube.com/watch?v=N9qYF9DZPdw
Wet Leg,Chaise Longue,Rock,2020s,https://www.youtube.com/watch?v=Zd9jeJk2UHQ
Whitney Houston,I Will Always Love You,Pop,1990s,https://www.youtube.com/watch?v=3JWTaaS7LdU
Whitney Houston,I Wanna Dance with Somebody,Pop,1980s,https://www.youtube.com/watch?v=eH3giaIzONA
Wu-Tang Clan,C.R.E.A.M.,Hip-Hop,1990s,https://www.youtube.com/watch?v=PBwAxmrE194
Yeah Yeah Yeahs,Maps,Alternative,2000s,https://www.youtube.com/watch?v=oIIxlgcuQRU
ZZ Top,Sharp Dressed Man,Rock,1980s,https://www.youtube.com/watch?v=7wRHBLwpASw
ZZ Top,Gimme All Your Lovin',Rock,1980s,https://www.youtube.com/watch?v=Ae829mFAGGE
